                  epoch,         train/box_loss,         train/cls_loss,         train/dfl_loss,   metrics/precision(B),      metrics/recall(B),       metrics/mAP50(B),    metrics/mAP50-95(B),           val/box_loss,           val/cls_loss,           val/dfl_loss,                 lr/pg0,                 lr/pg1,                 lr/pg2
                      1,                 3.1652,                  8.459,                 4.0784,                      0,                      0,                      0,                      0,                 3.9232,                 18.402,                 4.0007,             0.00029956,             0.00029956,             0.00029956
                      2,                 2.7389,                 4.1281,                 3.0724,                0.70398,                0.03101,                0.08408,                0.03642,                 2.5244,                 3.8439,                  2.532,             0.00060057,             0.00060057,             0.00060057
                      3,                 2.3625,                  3.303,                 2.5515,                0.33671,                 0.4506,                0.20095,                0.10117,                 1.7265,                 4.0701,                 1.8062,             0.00089958,             0.00089958,             0.00089958
                      4,                 2.1568,                 2.7817,                 2.3013,                0.35891,                0.50353,                0.22882,                0.11087,                  2.135,                  2.091,                 2.0561,                 0.0009,                 0.0009,                 0.0009
                      5,                 1.9018,                 2.4922,                 2.0629,                0.48213,                 0.4581,                0.34674,                0.20869,                 1.5991,                  1.735,                 1.6184,               0.000897,               0.000897,               0.000897
                      6,                 1.6898,                 2.2202,                 1.8253,                0.46777,                0.43294,                 0.3511,                 0.2464,                 1.3477,                 1.9226,                 1.4839,               0.000894,               0.000894,               0.000894
                      7,                 1.6179,                 2.0927,                 1.7348,                0.44075,                0.51045,                0.35206,                0.23218,                 1.3377,                 1.5148,                 1.4607,               0.000891,               0.000891,               0.000891
                      8,                 1.4933,                 1.9225,                 1.6406,                0.36343,                0.61634,                0.37038,                0.24902,                 1.2594,                 1.5458,                  1.524,               0.000888,               0.000888,               0.000888
                      9,                 1.3954,                 1.8133,                 1.5924,                 0.3922,                0.56965,                0.38755,                0.26567,                 1.2077,                 1.7117,                 1.3709,               0.000885,               0.000885,               0.000885
                     10,                 1.3141,                 1.7124,                 1.5042,                0.43316,                0.46606,                0.38492,                0.24414,                 1.1577,                  1.414,                 1.3768,               0.000882,               0.000882,               0.000882
                     11,                 1.2712,                 1.6678,                 1.4463,                0.51127,                0.56171,                0.40799,                0.27749,                  1.152,                 1.3464,                 1.2435,               0.000879,               0.000879,               0.000879
                     12,                 1.1769,                  1.585,                 1.3908,                0.44625,                0.53829,                0.41206,                 0.2849,                 1.0444,                 1.3875,                 1.1986,               0.000876,               0.000876,               0.000876
                     13,                 1.1412,                 1.5433,                 1.3617,                0.48743,                0.49606,                0.42816,                0.29226,                 1.0709,                 1.3539,                 1.2451,               0.000873,               0.000873,               0.000873
                     14,                 1.0805,                 1.4355,                 1.3109,                 0.4712,                0.51773,                0.41941,                0.29193,                 1.1418,                 1.3204,                 1.2145,                0.00087,                0.00087,                0.00087
                     15,                0.99302,                  1.386,                 1.2535,                 0.5336,                0.54954,                0.46933,                0.31882,                 1.0907,                 1.2022,                  1.196,               0.000867,               0.000867,               0.000867
                     16,                0.93894,                 1.2942,                 1.2028,                0.51864,                0.55665,                0.46431,                0.32381,                 1.0318,                 1.1396,                 1.1926,               0.000864,               0.000864,               0.000864
                     17,                0.91851,                 1.2822,                 1.1752,                0.51061,                0.56811,                0.48774,                0.37088,                0.95677,                 1.0329,                  1.101,               0.000861,               0.000861,               0.000861
                     18,                0.83059,                 1.2196,                   1.15,                 0.5344,                0.51934,                0.50137,                0.38394,                0.85447,                 1.1192,                 1.0762,             0.00085801,             0.00085801,             0.00085801
                     19,                0.85767,                 1.1964,                 1.1289,                0.57553,                0.53262,                0.50038,                0.35629,                0.97356,                 1.0167,                 1.1603,             0.00085501,             0.00085501,             0.00085501
                     20,                0.79393,                  1.135,                  1.096,                0.54369,                0.54701,                0.51872,                0.37736,                0.99359,                 1.0956,                 1.1051,             0.00085201,             0.00085201,             0.00085201
                     21,                0.84366,                 1.1826,                 1.1359,                0.63702,                0.55881,                0.56762,                0.42325,                0.97035,                 1.0381,                 1.0246,             0.00084901,             0.00084901,             0.00084901
                     22,                0.82986,                 1.1179,                 1.0985,                0.65796,                0.56895,                0.56488,                 0.4465,                0.80889,                 1.0981,                 1.0293,             0.00084601,             0.00084601,             0.00084601
                     23,                0.78204,                 1.0572,                 1.0871,                0.66713,                0.52009,                 0.5653,                0.40961,                 0.9355,                0.93529,                 1.0729,             0.00084301,             0.00084301,             0.00084301
                     24,                0.77178,                 1.0271,                 1.0686,                0.72438,                0.53201,                0.62847,                0.46898,                0.91704,                0.86176,                 1.0314,             0.00084001,             0.00084001,             0.00084001
                     25,                0.69877,                0.95713,                 1.0358,                0.48463,                0.59848,                0.60287,                0.46599,                  0.819,                 1.0531,                 1.0001,             0.00083701,             0.00083701,             0.00083701
                     26,                0.76298,                 1.0123,                 1.0705,                0.63468,                0.59941,                0.57089,                0.43445,                0.90908,                0.90024,                 1.0209,             0.00083401,             0.00083401,             0.00083401
                     27,                0.69027,                0.94055,                 1.0445,                0.65197,                0.57764,                0.59186,                0.45179,                0.86181,                0.95357,                 1.0591,             0.00083101,             0.00083101,             0.00083101
                     28,                0.72313,                0.95723,                 1.0335,                0.79451,                0.52988,                0.62535,                0.45439,                0.95146,                0.84369,                 1.0447,             0.00082801,             0.00082801,             0.00082801
                     29,                 0.6691,                0.90982,                 1.0109,                0.85232,                0.54599,                0.69816,                0.56144,                0.77097,                0.76065,                 1.0112,             0.00082501,             0.00082501,             0.00082501
                     30,                0.70701,                0.91417,                 1.0205,                0.87511,                0.54278,                0.69907,                 0.5414,                0.82902,                0.77755,                 1.0196,             0.00082201,             0.00082201,             0.00082201
                     31,                0.66107,                0.84978,                 1.0059,                0.83516,                0.60579,                0.75082,                0.59004,                0.76622,                0.70579,                0.96167,             0.00081901,             0.00081901,             0.00081901
                     32,                0.62636,                 0.8068,                0.99381,                0.56292,                0.79505,                0.76138,                0.56714,                0.84197,                0.73339,                0.96381,             0.00081601,             0.00081601,             0.00081601
                     33,                0.63216,                0.83923,                0.99948,                0.81523,                0.56866,                0.70082,                0.54985,                0.82396,                0.88126,                0.95094,             0.00081301,             0.00081301,             0.00081301
                     34,                0.61626,                0.78547,                0.99001,                0.84653,                0.59343,                0.73643,                0.58526,                0.74354,                0.69666,                0.93495,             0.00081001,             0.00081001,             0.00081001
                     35,                0.60583,                0.77977,                0.98817,                0.70333,                 0.7599,                0.80963,                0.64366,                0.69507,                0.60546,                0.87302,             0.00080701,             0.00080701,             0.00080701
                     36,                0.63737,                0.81982,                 1.0015,                0.72071,                0.63781,                0.68212,                0.54378,                0.72018,                0.77118,                0.92529,             0.00080401,             0.00080401,             0.00080401
                     37,                0.62021,                0.80236,                0.99485,                0.67591,                0.67393,                0.75643,                 0.6135,                0.72946,                0.63779,                 0.9144,             0.00080101,             0.00080101,             0.00080101
                     38,                0.61714,                0.79058,                0.97394,                0.64116,                0.67695,                 0.7169,                 0.5721,                0.68894,                0.69165,                 0.8694,             0.00079801,             0.00079801,             0.00079801
                     39,                0.57456,                0.74142,                0.96025,                 0.8602,                 0.6187,                0.76819,                0.62209,                0.68212,                0.61509,                0.84461,             0.00079501,             0.00079501,             0.00079501
                     40,                0.57187,                0.71392,                0.94961,                0.82673,                0.71143,                0.81381,                0.65421,                0.70203,                0.57158,                0.84546,             0.00079201,             0.00079201,             0.00079201
                     41,                0.58799,                 0.7179,                 0.9547,                0.85613,                0.70315,                0.83887,                0.67585,                0.66537,                0.58987,                0.85488,             0.00078901,             0.00078901,             0.00078901
                     42,                0.56411,                0.71729,                0.96229,                0.74714,                0.75893,                0.82349,                0.65032,                0.67319,                0.60499,                0.82418,             0.00078601,             0.00078601,             0.00078601
                     43,                0.57239,                0.69589,                0.94796,                0.82345,                 0.7398,                0.84309,                0.68975,                0.62896,                0.54455,                0.83678,             0.00078301,             0.00078301,             0.00078301
                     44,                0.52644,                0.65208,                0.95056,                0.78268,                0.69718,                0.76751,                0.62701,                 0.6775,                0.59931,                0.86171,             0.00078001,             0.00078001,             0.00078001
                     45,                 0.5896,                0.69583,                0.95384,                0.85672,                0.75913,                0.85424,                0.69336,                0.64342,                0.53058,                0.82747,             0.00077701,             0.00077701,             0.00077701
                     46,                0.53529,                0.69993,                0.93478,                0.82512,                0.73784,                 0.8201,                0.67091,                0.67868,                0.65081,                0.85687,             0.00077401,             0.00077401,             0.00077401
                     47,                0.55401,                0.68283,                0.95102,                0.90145,                0.69851,                0.84372,                0.67523,                0.74127,                0.62786,                0.87343,             0.00077101,             0.00077101,             0.00077101
                     48,                0.55929,                0.70287,                0.95336,                0.82577,                0.78331,                0.86186,                0.68569,                0.69492,                0.57146,                0.87023,             0.00076801,             0.00076801,             0.00076801
                     49,                0.53872,                0.67302,                0.94341,                0.84483,                0.77319,                0.87195,                0.72075,                  0.618,                0.52547,                0.80771,             0.00076501,             0.00076501,             0.00076501
                     50,                0.56736,                0.67507,                0.95502,                0.87237,                0.66748,                0.78214,                0.63991,                0.63324,                0.54724,                0.81864,             0.00076201,             0.00076201,             0.00076201
                     51,                0.55772,                 0.6686,                0.93788,                0.83405,                0.69028,                0.82141,                0.66317,                0.67415,                 0.6061,                0.82974,             0.00075902,             0.00075902,             0.00075902
                     52,                0.51784,                0.65055,                0.93358,                 0.8537,                0.77727,                0.84788,                0.69657,                0.63726,                0.50963,                0.82202,             0.00075602,             0.00075602,             0.00075602
                     53,                0.51477,                 0.6316,                 0.9317,                0.90805,                0.73206,                0.85503,                0.70797,                0.61005,                0.48295,                0.81584,             0.00075302,             0.00075302,             0.00075302
                     54,                0.51682,                0.63169,                0.93088,                0.87378,                0.71748,                0.86517,                0.71763,                0.61932,                0.51081,                0.82055,             0.00075002,             0.00075002,             0.00075002
                     55,                0.49826,                0.61097,                0.91781,                0.83106,                0.76731,                 0.8627,                0.70889,                 0.6089,                0.48659,                0.81044,             0.00074702,             0.00074702,             0.00074702
                     56,                0.51576,                0.59437,                 0.9222,                0.85128,                0.75698,                0.84929,                0.69587,                0.62759,                 0.5394,                0.81571,             0.00074402,             0.00074402,             0.00074402
                     57,                0.49937,                0.59378,                0.91897,                0.74937,                0.70712,                0.77588,                  0.642,                0.58221,                0.53256,                0.78885,             0.00074102,             0.00074102,             0.00074102
                     58,                0.54763,                0.63666,                0.93394,                0.87641,                0.73128,                0.85517,                0.68483,                0.62791,                0.57434,                0.80787,             0.00073802,             0.00073802,             0.00073802
                     59,                0.49888,                 0.5967,                0.92215,                0.79077,                0.81033,                0.86209,                0.71542,                0.59071,                0.48679,                0.81677,             0.00073502,             0.00073502,             0.00073502
                     60,                0.52077,                0.61753,                0.92494,                0.91406,                0.79565,                0.89146,                0.73501,                 0.6034,                0.47859,                0.78915,             0.00073202,             0.00073202,             0.00073202
                     61,                0.49605,                0.63224,                0.92703,                0.87507,                0.76853,                0.89472,                0.72105,                0.64561,                0.48489,                0.82391,             0.00072902,             0.00072902,             0.00072902
                     62,                0.52386,                0.60308,                0.92132,                0.83752,                0.80274,                0.87432,                0.70252,                0.62546,                0.50265,                 0.8061,             0.00072602,             0.00072602,             0.00072602
                     63,                0.47718,                0.57554,                0.91263,                0.90149,                   0.77,                0.86676,                0.73638,                0.56645,                0.43831,                 0.7979,             0.00072302,             0.00072302,             0.00072302
                     64,                0.48894,                0.58635,                0.91526,                0.92507,                0.76242,                0.88625,                0.74887,                0.54218,                0.39777,                0.76862,             0.00072002,             0.00072002,             0.00072002
                     65,                0.46982,                0.56272,                0.91422,                0.88634,                0.75182,                 0.8682,                0.72043,                  0.575,                0.41462,                0.78525,             0.00071702,             0.00071702,             0.00071702
                     66,                0.50105,                0.58177,                0.91259,                0.88572,                0.74898,                0.85779,                0.72045,                0.56556,                0.46049,                0.78485,             0.00071402,             0.00071402,             0.00071402
                     67,                0.47991,                0.57308,                 0.9073,                0.92713,                0.74339,                0.87679,                0.73207,                0.60304,                0.42165,                0.79464,             0.00071102,             0.00071102,             0.00071102
                     68,                 0.4852,                0.56315,                0.90784,                0.83149,                0.79314,                0.86731,                0.71329,                0.58437,                0.45601,                0.77862,             0.00070802,             0.00070802,             0.00070802
                     69,                0.46998,                 0.5428,                0.89902,                0.91429,                0.79505,                0.88954,                0.72816,                0.59199,                0.44417,                0.78942,             0.00070502,             0.00070502,             0.00070502
                     70,                0.45996,                0.52508,                0.90038,                0.88359,                0.79077,                0.88658,                0.74577,                0.54887,                0.41151,                0.77016,             0.00070202,             0.00070202,             0.00070202
                     71,                0.47811,                0.55101,                 0.9076,                0.91606,                0.78211,                0.90385,                 0.7423,                0.58588,                0.43799,                0.77726,             0.00069902,             0.00069902,             0.00069902
                     72,                0.45903,                0.52457,                0.89914,                0.89181,                0.79977,                0.88728,                0.75545,                0.53356,                0.38772,                0.75696,             0.00069602,             0.00069602,             0.00069602
                     73,                0.45235,                0.51857,                 0.9003,                0.91524,                0.79684,                0.88774,                0.74587,                0.56377,                0.42981,                0.79125,             0.00069302,             0.00069302,             0.00069302
                     74,                0.46967,                0.52748,                0.90166,                0.90323,                0.75226,                0.87641,                0.73568,                0.59443,                0.43962,                0.77939,             0.00069002,             0.00069002,             0.00069002
                     75,                0.45969,                0.54403,                0.90712,                0.85253,                0.80424,                0.88721,                0.74632,                 0.5822,                0.39521,                0.78087,             0.00068702,             0.00068702,             0.00068702
                     76,                0.46684,                0.53621,                0.90069,                0.91496,                0.79421,                 0.9027,                 0.7632,                0.56303,                0.39317,                0.76944,             0.00068402,             0.00068402,             0.00068402
                     77,                0.44297,                0.51654,                0.89196,                0.93434,                0.79211,                0.91233,                0.75029,                0.56664,                0.42513,                0.76543,             0.00068102,             0.00068102,             0.00068102
                     78,                0.45828,                0.52869,                0.89392,                0.90677,                0.78642,                0.88668,                 0.7388,                0.56724,                0.40339,                0.76546,             0.00067802,             0.00067802,             0.00067802
                     79,                0.45538,                0.55175,                0.89824,                0.95204,                0.79897,                0.90273,                0.74989,                0.60725,                0.46285,                0.80028,             0.00067502,             0.00067502,             0.00067502
                     80,                0.45503,                0.51185,                0.90029,                0.93754,                0.79225,                0.89553,                0.74784,                0.54866,                0.37391,                0.75938,             0.00067202,             0.00067202,             0.00067202
                     81,                0.46024,                0.50754,                0.90639,                0.95382,                0.79397,                 0.8941,                0.73963,                0.56428,                0.43667,                0.77678,             0.00066902,             0.00066902,             0.00066902
                     82,                0.47508,                0.52883,                0.90365,                0.91411,                0.80318,                0.90243,                0.75724,                0.55537,                0.40685,                0.77417,             0.00066602,             0.00066602,             0.00066602
                     83,                0.42744,                0.52117,                0.89468,                0.92539,                0.77376,                0.86747,                0.72968,                0.56875,                0.44875,                0.76289,             0.00066302,             0.00066302,             0.00066302
                     84,                0.46663,                0.53963,                0.89767,                0.90791,                0.81572,                0.90762,                0.76289,                0.57237,                  0.428,                 0.7821,             0.00066002,             0.00066002,             0.00066002
                     85,                0.44431,                0.53007,                 0.8975,                0.90052,                0.81868,                0.90595,                0.75586,                0.56859,                0.40986,                 0.7675,             0.00065703,             0.00065703,             0.00065703
                     86,                0.45487,                0.52149,                0.89763,                0.91174,                0.80169,                0.89638,                0.75124,                0.56056,                0.37601,                0.75761,             0.00065403,             0.00065403,             0.00065403
                     87,                0.44731,                0.50712,                0.89516,                0.91958,                0.82857,                0.90516,                0.76692,                0.54586,                0.40782,                0.76746,             0.00065103,             0.00065103,             0.00065103
                     88,                0.42735,                0.48699,                0.89908,                0.89106,                0.82809,                0.91901,                0.76021,                0.53231,                0.37112,                0.75616,             0.00064803,             0.00064803,             0.00064803
                     89,                0.44713,                0.52238,                0.89576,                0.93154,                0.79871,                0.91428,                0.75769,                0.57932,                0.42162,                 0.7735,             0.00064503,             0.00064503,             0.00064503
                     90,                 0.4293,                0.47906,                0.88857,                0.92696,                0.80515,                 0.9109,                0.76036,                0.54068,                 0.3803,                0.75926,             0.00064203,             0.00064203,             0.00064203
                     91,                0.41121,                0.48422,                0.88974,                0.88813,                0.80017,                0.88949,                0.74781,                0.57841,                0.41845,                0.76546,             0.00063903,             0.00063903,             0.00063903
                     92,                 0.4274,                0.50415,                0.88874,                0.91239,                0.82059,                0.90569,                0.75669,                0.56745,                0.40024,                0.76694,             0.00063603,             0.00063603,             0.00063603
                     93,                0.45035,                0.52075,                0.89088,                 0.9201,                0.80454,                0.91347,                0.76137,                0.57957,                 0.4043,                0.77641,             0.00063303,             0.00063303,             0.00063303
                     94,                0.45928,                0.53852,                0.89632,                0.89377,                 0.7752,                0.87331,                0.73572,                0.54696,                0.39374,                0.76762,             0.00063003,             0.00063003,             0.00063003
                     95,                0.44639,                0.50168,                0.88865,                0.87744,                0.82268,                 0.9066,                0.75923,                0.57536,                0.40959,                0.75825,             0.00062703,             0.00062703,             0.00062703
                     96,                0.46523,                0.49916,                0.88834,                0.92501,                0.79993,                  0.885,                0.74357,                0.55142,                0.37067,                 0.7654,             0.00062403,             0.00062403,             0.00062403
                     97,                0.42326,                0.48043,                0.88786,                 0.9016,                0.79667,                0.88697,                0.75601,                0.53128,                0.35234,                0.75355,             0.00062103,             0.00062103,             0.00062103
                     98,                0.40923,                0.47692,                0.88748,                0.91285,                0.82178,                0.90945,                0.76046,                0.53262,                0.35358,                0.75151,             0.00061803,             0.00061803,             0.00061803
                     99,                 0.4462,                0.50908,                0.89062,                0.93474,                 0.7963,                0.90352,                0.75779,                 0.5547,                0.36997,                0.75066,             0.00061503,             0.00061503,             0.00061503
                    100,                0.42723,                0.47772,                0.89385,                0.90148,                0.85792,                0.93889,                  0.768,                0.57122,                  0.379,                0.76632,             0.00061203,             0.00061203,             0.00061203
                    101,                 0.4234,                0.49432,                0.87997,                0.91192,                 0.7924,                0.90815,                0.75268,                 0.5756,                0.41107,                 0.7755,             0.00060903,             0.00060903,             0.00060903
                    102,                0.39816,                0.47291,                0.87635,                0.86805,                0.81461,                0.91093,                0.77415,                0.50888,                0.36466,                0.75073,             0.00060603,             0.00060603,             0.00060603
                    103,                 0.4139,                0.48284,                0.87929,                0.87373,                0.82856,                0.92794,                0.76543,                0.54266,                0.36983,                0.75699,             0.00060303,             0.00060303,             0.00060303
                    104,                0.42907,                0.46954,                 0.8863,                0.91307,                0.81898,                0.91039,                0.77093,                0.55642,                0.34358,                0.76602,             0.00060003,             0.00060003,             0.00060003
                    105,                0.40492,                0.47741,                0.88602,                 0.9276,                0.81707,                0.91945,                0.77674,                 0.5335,                0.36587,                 0.7428,             0.00059703,             0.00059703,             0.00059703
                    106,                0.43413,                0.48662,                0.88074,                0.90556,                0.82994,                 0.9137,                0.76804,                0.54503,                0.37302,                0.76345,             0.00059403,             0.00059403,             0.00059403
                    107,                0.42874,                0.47181,                0.89093,                0.89892,                0.83457,                0.92452,                0.76919,                0.57689,                0.39681,                0.75855,             0.00059103,             0.00059103,             0.00059103
                    108,                0.43891,                0.46196,                0.88614,                0.95588,                0.76248,                0.89914,                0.76107,                0.52437,                0.35433,                0.75312,             0.00058803,             0.00058803,             0.00058803
                    109,                0.44081,                0.46917,                0.87776,                0.89136,                0.86329,                0.91415,                0.76244,                0.51516,                0.35265,                0.74549,             0.00058503,             0.00058503,             0.00058503
                    110,                0.42768,                0.48755,                0.88272,                 0.9045,                0.82837,                0.91778,                0.76786,                0.53544,                0.39145,                0.75596,             0.00058203,             0.00058203,             0.00058203
                    111,                 0.4179,                0.48461,                 0.8781,                0.92335,                0.81839,                0.91695,                0.77102,                0.54165,                0.37286,                0.76297,             0.00057903,             0.00057903,             0.00057903
                    112,                0.40703,                0.46561,                0.88153,                0.93074,                0.81497,                 0.9279,                0.77503,                0.56013,                0.37849,                0.76008,             0.00057603,             0.00057603,             0.00057603
                    113,                0.39738,                0.45262,                0.88296,                0.91957,                0.81703,                 0.9144,                0.76669,                0.52656,                0.34305,                0.75527,             0.00057303,             0.00057303,             0.00057303
                    114,                0.40986,                 0.4465,                0.87675,                0.93223,                0.82503,                0.92205,                0.78177,                0.52713,                0.33175,                0.74817,             0.00057003,             0.00057003,             0.00057003
                    115,                0.40102,                0.47673,                0.88186,                0.92944,                0.81122,                0.92954,                0.77862,                0.52513,                0.36983,                0.74545,             0.00056703,             0.00056703,             0.00056703
                    116,                0.41122,                0.43576,                0.88523,                0.93859,                0.81837,                0.92281,                0.76893,                0.54582,                0.33762,                0.74847,             0.00056403,             0.00056403,             0.00056403
                    117,                0.41535,                0.45117,                 0.8813,                0.94316,                 0.8398,                0.94371,                 0.7832,                0.52552,                 0.3342,                 0.7541,             0.00056103,             0.00056103,             0.00056103
                    118,                0.39557,                0.43774,                0.87929,                0.90524,                0.83255,                0.93056,                0.78281,                0.51294,                0.33794,                0.74374,             0.00055804,             0.00055804,             0.00055804
                    119,                0.37665,                0.42411,                0.87783,                0.92133,                0.79706,                0.91705,                0.75722,                0.54259,                  0.345,                0.75085,             0.00055504,             0.00055504,             0.00055504
                    120,                0.37364,                0.43891,                0.87126,                0.88866,                0.84144,                0.93618,                0.78578,                0.52466,                0.35746,                0.74872,             0.00055204,             0.00055204,             0.00055204
                    121,                0.41193,                0.46319,                0.87368,                0.91904,                0.79999,                0.91902,                0.78234,                 0.5077,                0.34619,                0.75299,             0.00054904,             0.00054904,             0.00054904
                    122,                0.41206,                0.45775,                0.88126,                0.92672,                0.81289,                0.92518,                0.77606,                0.54514,                 0.3795,                0.76211,             0.00054604,             0.00054604,             0.00054604
                    123,                0.39895,                0.43293,                0.87609,                0.94363,                0.83075,                0.93519,                0.79098,                0.53335,                0.35336,                0.76175,             0.00054304,             0.00054304,             0.00054304
                    124,                0.39427,                0.44964,                0.87087,                0.91789,                0.83426,                0.91902,                0.77004,                0.53257,                0.35291,                0.75241,             0.00054004,             0.00054004,             0.00054004
                    125,                0.38952,                 0.4481,                0.87434,                 0.9334,                0.82538,                   0.93,                0.78613,                0.51475,                0.35391,                0.74257,             0.00053704,             0.00053704,             0.00053704
                    126,                0.38464,                0.43244,                0.87073,                0.95125,                0.81106,                0.92597,                0.77946,                0.52946,                0.34388,                0.75021,             0.00053404,             0.00053404,             0.00053404
                    127,                0.39433,                0.44154,                0.87062,                0.96148,                0.79866,                0.91481,                0.77649,                0.51217,                0.33101,                0.74733,             0.00053104,             0.00053104,             0.00053104
                    128,                 0.3919,                0.45771,                0.87454,                0.92527,                0.83805,                0.92283,                0.77977,                0.50147,                0.33792,                0.73841,             0.00052804,             0.00052804,             0.00052804
                    129,                0.39451,                0.44591,                 0.8708,                0.90484,                0.82254,                 0.9218,                0.78394,                0.51051,                0.35908,                0.74111,             0.00052504,             0.00052504,             0.00052504
                    130,                0.39838,                0.44698,                0.87346,                 0.9288,                0.83073,                0.91154,                0.77812,                0.50603,                0.35717,                0.74014,             0.00052204,             0.00052204,             0.00052204
                    131,                0.39627,                0.45253,                0.87442,                0.92709,                0.81754,                0.91793,                0.77031,                0.53711,                0.36783,                0.74419,             0.00051904,             0.00051904,             0.00051904
                    132,                0.38492,                0.43206,                0.88198,                0.93896,                 0.8046,                0.90597,                0.77298,                0.48902,                 0.3459,                0.73484,             0.00051604,             0.00051604,             0.00051604
                    133,                0.38238,                0.42993,                0.87048,                0.93155,                0.83138,                0.92749,                0.79101,                0.49782,                0.32381,                0.74909,             0.00051304,             0.00051304,             0.00051304
                    134,                0.38315,                0.42664,                0.87246,                0.93364,                  0.829,                0.91429,                 0.7804,                0.50458,                 0.3357,                0.74622,             0.00051004,             0.00051004,             0.00051004
                    135,                0.39195,                0.44657,                0.87347,                0.93253,                0.82716,                0.91413,                0.77621,                0.50049,                0.33046,                0.73743,             0.00050704,             0.00050704,             0.00050704
                    136,                0.37559,                0.41898,                0.86558,                0.93218,                0.82249,                0.92663,                0.79004,                0.49575,                0.32148,                0.74166,             0.00050404,             0.00050404,             0.00050404
                    137,                0.36684,                0.40168,                0.86333,                0.88666,                0.83073,                0.92617,                0.78768,                0.49975,                0.32583,                0.74879,             0.00050104,             0.00050104,             0.00050104
                    138,                0.39761,                0.43991,                0.86889,                0.93467,                0.81718,                 0.9308,                0.78172,                0.49077,                0.31738,                0.73742,             0.00049804,             0.00049804,             0.00049804
                    139,                0.37454,                0.41673,                0.87493,                0.95186,                0.80414,                0.92985,                0.78936,                0.49961,                0.32782,                0.73331,             0.00049504,             0.00049504,             0.00049504
                    140,                0.37418,                0.40384,                0.87625,                0.92126,                0.82424,                0.93184,                 0.7904,                0.49688,                0.33566,                0.73415,             0.00049204,             0.00049204,             0.00049204
                    141,                0.37057,                0.42263,                0.86775,                0.91602,                0.84014,                0.92119,                0.78367,                0.50514,                0.32595,                0.74223,             0.00048904,             0.00048904,             0.00048904
                    142,                0.37824,                 0.4183,                0.87029,                0.96327,                0.82735,                0.92047,                0.78438,                0.51142,                0.31642,                0.74185,             0.00048604,             0.00048604,             0.00048604
                    143,                0.38824,                0.45473,                0.87426,                0.92153,                0.85034,                0.91493,                0.78092,                0.51534,                 0.3327,                 0.7569,             0.00048304,             0.00048304,             0.00048304
                    144,                0.37506,                0.42965,                0.87032,                0.95594,                0.82096,                0.93588,                0.79495,                0.51838,                0.32736,                0.75925,             0.00048004,             0.00048004,             0.00048004
                    145,                0.37208,                0.41197,                0.87649,                 0.9441,                0.81814,                0.93718,                0.79494,                0.51345,                0.34498,                0.75498,             0.00047704,             0.00047704,             0.00047704
                    146,                0.38298,                0.42334,                0.87217,                0.92107,                0.85944,                0.94248,                0.80083,                0.50281,                0.34642,                0.74551,             0.00047404,             0.00047404,             0.00047404
                    147,                0.37561,                0.42899,                0.86851,                0.93235,                0.82512,                0.93969,                0.80268,                0.50462,                 0.3312,                0.75673,             0.00047104,             0.00047104,             0.00047104
                    148,                0.36631,                0.40347,                0.87369,                0.93851,                0.82134,                0.92222,                0.78422,                0.51065,                0.36844,                0.75608,             0.00046804,             0.00046804,             0.00046804
                    149,                0.37002,                0.41869,                 0.8663,                0.93586,                0.83621,                 0.9381,                  0.799,                0.49939,                0.33626,                0.74478,             0.00046504,             0.00046504,             0.00046504
                    150,                 0.3615,                0.38677,                0.86646,                0.92011,                0.84756,                0.94359,                0.80278,                0.49407,                 0.3183,                0.74037,             0.00046204,             0.00046204,             0.00046204
                    151,                0.37267,                0.40858,                0.86339,                 0.9209,                 0.8327,                0.92801,                0.79215,                 0.4959,                0.32464,                  0.741,             0.00045904,             0.00045904,             0.00045904
                    152,                0.35825,                0.38668,                0.86486,                0.95651,                0.81265,                 0.9359,                0.79954,                0.48836,                0.31869,                0.74107,             0.00045605,             0.00045605,             0.00045605
                    153,                0.34553,                0.38628,                0.86481,                0.94772,                0.81295,                0.91857,                0.79447,                   0.49,                0.32127,                0.74639,             0.00045305,             0.00045305,             0.00045305
                    154,                0.36971,                0.40946,                0.86776,                0.93084,                0.83389,                0.91831,                0.78683,                 0.5123,                 0.3371,                0.76034,             0.00045005,             0.00045005,             0.00045005
                    155,                0.36696,                 0.4072,                0.86662,                0.92252,                0.84242,                0.92688,                0.79177,                0.50214,                0.33101,                0.75883,             0.00044705,             0.00044705,             0.00044705
                    156,                 0.3714,                0.39228,                0.86446,                0.93847,                0.82416,                0.92836,                0.79172,                0.49352,                0.32257,                0.74773,             0.00044405,             0.00044405,             0.00044405
                    157,                0.36239,                0.39093,                0.86633,                0.93662,                0.80929,                 0.9183,                0.78851,                0.48795,                 0.3119,                0.73824,             0.00044105,             0.00044105,             0.00044105
                    158,                0.35763,                0.38839,                 0.8661,                0.93816,                0.78808,                0.92312,                 0.7893,                0.50738,                0.33423,                0.74616,             0.00043805,             0.00043805,             0.00043805
                    159,                0.36583,                0.41247,                0.86715,                0.94247,                 0.8187,                0.92113,                0.79169,                0.50301,                0.33932,                0.75166,             0.00043505,             0.00043505,             0.00043505
                    160,                0.38471,                0.40836,                0.86753,                0.95916,                0.84747,                0.94179,                0.80188,                0.49171,                0.30179,                0.73861,             0.00043205,             0.00043205,             0.00043205
                    161,                0.34695,                0.38335,                0.86617,                0.92848,                0.82612,                0.93494,                0.79333,                0.48253,                 0.3074,                0.73765,             0.00042905,             0.00042905,             0.00042905
                    162,                0.36834,                0.39513,                0.86487,                0.91241,                0.83714,                 0.9289,                0.79757,                0.49551,                0.32445,                0.75034,             0.00042605,             0.00042605,             0.00042605
                    163,                 0.3428,                0.38627,                0.86606,                0.93942,                0.84327,                0.92385,                0.79151,                0.50645,                0.32196,                0.74614,             0.00042305,             0.00042305,             0.00042305
                    164,                0.37477,                0.40198,                0.86691,                0.93236,                0.85027,                0.94745,                0.80227,                0.51735,                0.33468,                 0.7528,             0.00042005,             0.00042005,             0.00042005
                    165,                0.37241,                0.39914,                0.87453,                 0.9246,                0.84349,                0.93968,                0.80152,                0.49703,                0.31468,                0.74024,             0.00041705,             0.00041705,             0.00041705
                    166,                0.34231,                0.37966,                0.86342,                0.92773,                 0.8321,                0.92482,                0.79779,                 0.4862,                0.30869,                0.74491,             0.00041405,             0.00041405,             0.00041405
                    167,                0.36358,                0.41043,                0.86814,                 0.9536,                0.81591,                0.90741,                0.78629,                0.48487,                 0.3201,                0.74224,             0.00041105,             0.00041105,             0.00041105
                    168,                 0.3509,                0.38004,                0.85926,                0.92509,                0.84194,                0.92095,                0.79991,                0.48172,                0.31778,                0.73471,             0.00040805,             0.00040805,             0.00040805
                    169,                 0.3748,                0.39911,                 0.8661,                0.94177,                0.83905,                0.92915,                0.79535,                0.48609,                0.31644,                0.73286,             0.00040505,             0.00040505,             0.00040505
                    170,                 0.3557,                0.38864,                0.87111,                0.92315,                0.83518,                0.93698,                0.80226,                0.49145,                0.32478,                0.74644,             0.00040205,             0.00040205,             0.00040205
                    171,                0.36643,                0.39454,                0.87013,                0.94213,                0.82857,                0.93383,                 0.8007,                0.49649,                0.31783,                 0.7443,             0.00039905,             0.00039905,             0.00039905
                    172,                 0.3395,                0.36824,                0.86532,                0.95075,                0.82929,                0.93157,                0.80301,                0.49431,                0.32776,                0.75205,             0.00039605,             0.00039605,             0.00039605
                    173,                0.34614,                0.37069,                0.87441,                0.94331,                0.83432,                0.92828,                0.79827,                0.50328,                0.32952,                0.75474,             0.00039305,             0.00039305,             0.00039305
                    174,                0.35852,                0.37405,                0.86262,                0.93264,                0.82949,                0.92518,                0.80365,                0.48114,                0.32452,                0.74699,             0.00039005,             0.00039005,             0.00039005
                    175,                0.36586,                0.38871,                0.86147,                0.94003,                0.81823,                0.91934,                0.79658,                0.48402,                0.31226,                0.74258,             0.00038705,             0.00038705,             0.00038705
                    176,                0.34693,                0.37698,                 0.8624,                0.95594,                0.81334,                0.94032,                0.80733,                0.48901,                0.32395,                0.74262,             0.00038405,             0.00038405,             0.00038405
                    177,                0.35499,                 0.3589,                0.86142,                0.94109,                0.84561,                 0.9392,                 0.8057,                0.48277,                0.31935,                0.74067,             0.00038105,             0.00038105,             0.00038105
                    178,                0.35119,                0.39006,                0.86681,                0.95844,                0.82665,                0.94131,                0.81055,                0.49485,                0.30774,                0.74664,             0.00037805,             0.00037805,             0.00037805
                    179,                0.36174,                0.36887,                0.86008,                0.95095,                0.82536,                0.94014,                0.80617,                0.48342,                0.31778,                0.73546,             0.00037505,             0.00037505,             0.00037505
                    180,                0.34759,                0.38535,                0.86153,                0.95319,                0.84361,                0.93451,                0.80671,                0.47808,                0.30752,                 0.7348,             0.00037205,             0.00037205,             0.00037205
                    181,                0.34452,                0.37463,                0.85622,                0.93963,                0.84957,                0.94153,                0.80232,                0.48981,                0.31437,                0.74008,             0.00036905,             0.00036905,             0.00036905
                    182,                0.33857,                0.37757,                0.85957,                 0.9605,                0.83513,                0.93046,                 0.7929,                0.49771,                0.32218,                0.74268,             0.00036605,             0.00036605,             0.00036605
                    183,                0.34345,                0.38002,                 0.8616,                0.94891,                0.82926,                 0.9196,                0.79494,                0.47414,                0.31744,                0.73608,             0.00036305,             0.00036305,             0.00036305
                    184,                 0.3544,                0.38438,                0.86795,                0.93957,                0.83654,                0.93703,                0.80968,                0.48508,                0.31025,                 0.7474,             0.00036005,             0.00036005,             0.00036005
                    185,                 0.3539,                0.38037,                0.86226,                0.94902,                0.82611,                0.92143,                0.80126,                0.48566,                0.31392,                0.74604,             0.00035706,             0.00035706,             0.00035706
                    186,                0.36131,                0.37729,                0.86305,                 0.9478,                 0.8584,                 0.9469,                0.81162,                0.47142,                0.31241,                0.73394,             0.00035406,             0.00035406,             0.00035406
                    187,                0.36565,                0.37193,                0.86062,                0.93728,                0.82815,                0.92773,                0.80683,                0.47137,                0.29777,                0.73005,             0.00035106,             0.00035106,             0.00035106
                    188,                 0.3517,                0.36442,                0.86078,                0.94805,                0.82768,                0.94259,                 0.8175,                0.46815,                0.28794,                0.73241,             0.00034806,             0.00034806,             0.00034806
                    189,                0.33166,                0.36874,                0.85864,                0.92592,                0.83696,                0.94225,                 0.8132,                0.47384,                0.31035,                0.73682,             0.00034506,             0.00034506,             0.00034506
                    190,                0.34462,                0.38476,                0.86267,                0.96072,                0.81822,                0.93535,                0.81095,                0.48513,                0.32842,                0.74016,             0.00034206,             0.00034206,             0.00034206
                    191,                0.32678,                0.34822,                0.85502,                0.94562,                0.83571,                0.94251,                0.81783,                0.47311,                0.29823,                0.74199,             0.00033906,             0.00033906,             0.00033906
                    192,                0.34315,                0.36139,                0.86224,                0.93965,                0.84405,                0.93161,                0.79647,                0.48159,                0.31224,                0.74625,             0.00033606,             0.00033606,             0.00033606
                    193,                0.34227,                0.38157,                0.86316,                0.95495,                0.83004,                0.92732,                0.80002,                 0.4814,                0.32343,                0.75325,             0.00033306,             0.00033306,             0.00033306
                    194,                0.33811,                0.36241,                0.85714,                0.93783,                0.83834,                0.93258,                0.79972,                0.47013,                0.30631,                0.73831,             0.00033006,             0.00033006,             0.00033006
                    195,                0.32722,                 0.3539,                0.86052,                0.97137,                0.81767,                0.93531,                0.80984,                0.47101,                0.30869,                0.73533,             0.00032706,             0.00032706,             0.00032706
                    196,                0.34855,                 0.3758,                0.86993,                0.95715,                0.82673,                0.93164,                 0.8058,                0.47101,                0.30864,                0.73729,             0.00032406,             0.00032406,             0.00032406
                    197,                0.35096,                0.35611,                0.85825,                0.95897,                0.82238,                 0.9297,                0.80683,                0.47604,                0.30598,                0.74047,             0.00032106,             0.00032106,             0.00032106
                    198,                0.33642,                 0.3532,                0.85808,                0.93267,                0.85245,                0.92971,                0.79747,                0.47819,                0.31055,                0.73584,             0.00031806,             0.00031806,             0.00031806
                    199,                0.32832,                0.36119,                0.85909,                0.94598,                 0.8451,                0.93319,                0.80906,                0.47098,                0.29711,                0.74304,             0.00031506,             0.00031506,             0.00031506
                    200,                0.33719,                0.33601,                0.85173,                0.95581,                0.83243,                0.92225,                0.79715,                0.46626,                0.30308,                 0.7344,             0.00031206,             0.00031206,             0.00031206
                    201,                0.33871,                 0.3548,                0.86034,                0.94242,                0.86233,                 0.9431,                0.81494,                0.47471,                0.30747,                0.73913,             0.00030906,             0.00030906,             0.00030906
                    202,                0.33184,                0.34802,                 0.8628,                0.93438,                0.83764,                0.93604,                0.80691,                0.47339,                0.30132,                0.73724,             0.00030606,             0.00030606,             0.00030606
                    203,                0.33329,                0.34588,                0.85989,                0.94452,                 0.8356,                0.93224,                0.80756,                0.47669,                0.30065,                0.73625,             0.00030306,             0.00030306,             0.00030306
                    204,                0.32407,                0.33949,                0.85899,                0.95785,                0.84232,                0.94264,                0.81581,                0.46937,                0.29846,                0.73347,             0.00030006,             0.00030006,             0.00030006
                    205,                0.32063,                0.34743,                0.85943,                0.94349,                0.83793,                0.92792,                0.80595,                0.47205,                 0.3053,                0.73724,             0.00029706,             0.00029706,             0.00029706
                    206,                0.34114,                 0.3454,                0.86499,                0.95763,                0.83118,                0.92788,                0.80678,                0.46951,                0.29669,                0.73556,             0.00029406,             0.00029406,             0.00029406
                    207,                 0.3185,                0.32694,                0.85791,                0.95975,                0.82913,                0.93179,                0.80655,                0.47178,                0.30847,                0.73587,             0.00029106,             0.00029106,             0.00029106
                    208,                0.32184,                0.34794,                  0.857,                0.96652,                0.81958,                0.93577,                0.80574,                0.47255,                0.30772,                0.74292,             0.00028806,             0.00028806,             0.00028806
                    209,                0.32283,                0.34064,                0.86012,                0.94594,                0.83426,                0.92348,                0.81027,                0.47135,                0.30809,                0.74927,             0.00028506,             0.00028506,             0.00028506
                    210,                0.32868,                0.33605,                0.85727,                0.97547,                 0.8177,                0.92897,                0.80834,                0.46976,                0.29527,                0.73739,             0.00028206,             0.00028206,             0.00028206
                    211,                0.32926,                0.33699,                0.85892,                0.94237,                0.83575,                0.92658,                0.79964,                0.46955,                0.30081,                0.73805,             0.00027906,             0.00027906,             0.00027906
                    212,                0.33853,                0.36238,                0.85414,                0.95021,                 0.8304,                0.93309,                0.80403,                0.47984,                0.31256,                0.74247,             0.00027606,             0.00027606,             0.00027606
                    213,                0.34745,                0.35661,                0.84963,                0.96681,                0.80897,                0.92689,                0.80274,                0.48109,                0.30917,                0.74854,             0.00027306,             0.00027306,             0.00027306
                    214,                0.31465,                 0.3462,                0.85632,                0.95366,                0.82725,                0.92796,                0.81038,                0.48332,                0.31299,                0.73854,             0.00027006,             0.00027006,             0.00027006
                    215,                0.32577,                0.34367,                0.85816,                0.94936,                0.84298,                0.93533,                0.81289,                0.47674,                0.30298,                0.73963,             0.00026706,             0.00026706,             0.00026706
                    216,                0.33089,                0.33988,                0.85527,                0.96189,                0.82381,                0.93997,                0.81541,                0.47731,                0.30423,                 0.7422,             0.00026406,             0.00026406,             0.00026406
                    217,                0.31661,                0.34657,                0.85461,                0.97264,                0.82257,                0.93754,                0.81447,                 0.4762,                0.29903,                0.74226,             0.00026106,             0.00026106,             0.00026106
                    218,                0.32333,                0.34227,                0.85676,                0.95623,                 0.8345,                0.93097,                0.81315,                0.47214,                0.30404,                0.73972,             0.00025807,             0.00025807,             0.00025807
                    219,                0.31411,                0.32418,                0.85395,                0.96697,                0.82804,                0.93118,                0.80979,                0.46648,                 0.3034,                0.74055,             0.00025507,             0.00025507,             0.00025507
                    220,                0.32525,                0.34534,                0.86039,                0.93696,                 0.8403,                0.93098,                0.81011,                0.47153,                0.29827,                0.73351,             0.00025207,             0.00025207,             0.00025207
                    221,                0.32829,                0.34702,                0.85399,                0.94528,                0.84545,                0.93717,                0.81294,                0.46217,                0.29468,                0.73235,             0.00024907,             0.00024907,             0.00024907
                    222,                0.30923,                0.33491,                0.85574,                0.95597,                0.82578,                0.93222,                 0.8064,                0.46419,                0.28927,                0.73181,             0.00024607,             0.00024607,             0.00024607
                    223,                0.32812,                0.34415,                0.85159,                0.94324,                0.84326,                0.93424,                 0.8106,                0.46669,                0.30111,                0.73262,             0.00024307,             0.00024307,             0.00024307
                    224,                0.31545,                0.32145,                0.85272,                0.94926,                0.82961,                0.92778,                 0.8055,                 0.4676,                0.30657,                 0.7325,             0.00024007,             0.00024007,             0.00024007
                    225,                0.32499,                0.32919,                0.85469,                0.95828,                0.82805,                0.93402,                0.81186,                0.46809,                0.30047,                0.73605,             0.00023707,             0.00023707,             0.00023707
                    226,                0.32054,                0.34115,                0.85847,                0.94762,                0.83658,                 0.9319,                0.80786,                0.46453,                0.28571,                0.73425,             0.00023407,             0.00023407,             0.00023407
                    227,                0.31507,                0.34586,                0.85562,                0.97306,                0.82082,                 0.9359,                0.81222,                0.46318,                0.28883,                0.73033,             0.00023107,             0.00023107,             0.00023107
                    228,                0.31036,                0.32909,                0.85306,                0.96484,                0.85156,                0.94254,                0.81667,                 0.4658,                0.29298,                0.73163,             0.00022807,             0.00022807,             0.00022807
                    229,                0.31264,                0.31454,                0.86186,                0.96925,                0.82259,                0.93836,                0.81811,                0.46703,                0.29877,                0.73346,             0.00022507,             0.00022507,             0.00022507
                    230,                0.31936,                0.32355,                0.85529,                0.93481,                   0.85,                0.94058,                0.81107,                0.47394,                0.29883,                0.73887,             0.00022207,             0.00022207,             0.00022207
                    231,                0.31578,                0.32253,                0.85408,                0.97368,                0.82138,                0.93744,                0.82103,                  0.466,                0.29383,                0.73945,             0.00021907,             0.00021907,             0.00021907
                    232,                0.33284,                0.33284,                0.85417,                0.95062,                0.83745,                0.94815,                0.82654,                0.45471,                0.28993,                 0.7344,             0.00021607,             0.00021607,             0.00021607
                    233,                0.30883,                0.32522,                0.85615,                0.93286,                0.84401,                0.93954,                0.82367,                0.45484,                0.29781,                0.73334,             0.00021307,             0.00021307,             0.00021307
                    234,                0.31338,                0.32539,                0.86132,                0.93677,                0.85524,                 0.9462,                0.82128,                0.46327,                0.30319,                0.73372,             0.00021007,             0.00021007,             0.00021007
                    235,                0.31416,                 0.3495,                0.85504,                0.95624,                0.83485,                0.94327,                0.82128,                0.46047,                0.29779,                0.73075,             0.00020707,             0.00020707,             0.00020707
                    236,                0.31238,                0.33278,                0.85792,                0.95457,                0.82733,                  0.943,                0.82374,                  0.462,                0.29531,                0.73937,             0.00020407,             0.00020407,             0.00020407
                    237,                0.31474,                0.32888,                0.85273,                0.96151,                0.84393,                0.94465,                0.82207,                0.46403,                0.29855,                0.73983,             0.00020107,             0.00020107,             0.00020107
                    238,                0.30212,                0.30847,                0.85031,                0.94897,                0.84691,                0.94352,                0.82139,                0.46934,                0.29613,                0.73984,             0.00019807,             0.00019807,             0.00019807
                    239,                0.30398,                 0.3113,                 0.8488,                0.96763,                0.82427,                0.93651,                0.81574,                0.46172,                0.29335,                0.73635,             0.00019507,             0.00019507,             0.00019507
                    240,                0.30957,                0.32015,                0.84709,                 0.9323,                0.85631,                0.93894,                0.81769,                0.46344,                 0.2981,                0.73568,             0.00019207,             0.00019207,             0.00019207
                    241,                 0.3081,                0.33824,                0.84954,                0.95482,                0.84522,                 0.9403,                0.82002,                0.46199,                0.30423,                 0.7345,             0.00018907,             0.00018907,             0.00018907
                    242,                0.32147,                0.31962,                0.84904,                0.92511,                0.84583,                 0.9384,                0.82226,                0.45979,                0.29676,                 0.7315,             0.00018607,             0.00018607,             0.00018607
                    243,                0.31604,                0.32139,                0.84984,                0.96252,                0.82499,                0.93512,                0.81447,                0.46537,                0.29625,                0.73545,             0.00018307,             0.00018307,             0.00018307
                    244,                0.31199,                0.32172,                0.85607,                0.95385,                0.82923,                0.93117,                0.81871,                0.46101,                0.30254,                0.73878,             0.00018007,             0.00018007,             0.00018007
                    245,                0.31514,                0.31597,                0.85532,                0.95774,                0.82743,                0.93167,                0.81925,                0.46072,                0.29635,                0.73692,             0.00017707,             0.00017707,             0.00017707
                    246,                0.30723,                0.30523,                0.85521,                0.95834,                0.83168,                0.93707,                0.81996,                0.46905,                  0.291,                0.73999,             0.00017407,             0.00017407,             0.00017407
                    247,                0.31037,                0.30792,                 0.8509,                0.96018,                0.83631,                0.94046,                0.82101,                0.46317,                0.29148,                0.73706,             0.00017107,             0.00017107,             0.00017107
                    248,                0.29657,                0.31553,                0.84745,                0.96156,                 0.8255,                0.93948,                0.81874,                0.46489,                 0.2945,                0.73642,             0.00016807,             0.00016807,             0.00016807
                    249,                0.29656,                0.30912,                0.85699,                0.92083,                 0.8674,                0.94503,                0.82587,                0.46146,                0.29702,                0.73765,             0.00016507,             0.00016507,             0.00016507
                    250,                  0.288,                0.31811,                0.85451,                0.94131,                0.85043,                0.94304,                0.82096,                0.46515,                0.29619,                0.73932,             0.00016207,             0.00016207,             0.00016207
                    251,                0.31876,                0.31234,                0.85101,                0.94857,                0.85496,                0.93917,                0.81851,                 0.4671,                0.29362,                0.73809,             0.00015907,             0.00015907,             0.00015907
                    252,                0.29984,                0.31633,                0.85127,                 0.9532,                0.82858,                0.93348,                0.81669,                0.47109,                 0.2943,                0.74006,             0.00015608,             0.00015608,             0.00015608
                    253,                0.30535,                0.31548,                0.84965,                 0.9663,                0.83097,                0.93928,                0.82021,                0.46506,                0.28747,                0.73659,             0.00015308,             0.00015308,             0.00015308
                    254,                0.28051,                0.30334,                0.85516,                0.93112,                0.85492,                0.94115,                0.82324,                0.46514,                0.29213,                 0.7366,             0.00015008,             0.00015008,             0.00015008
                    255,                0.31664,                0.32732,                0.85182,                0.97371,                0.81849,                0.93794,                0.81803,                 0.4657,                0.29446,                0.73844,             0.00014708,             0.00014708,             0.00014708
                    256,                0.29716,                0.29905,                0.85671,                  0.967,                0.82138,                0.93327,                0.81274,                0.46708,                0.29728,                0.73841,             0.00014408,             0.00014408,             0.00014408
                    257,                0.29314,                0.31396,                0.84754,                0.97485,                0.81832,                0.93313,                0.80984,                0.46552,                0.29325,                0.73701,             0.00014108,             0.00014108,             0.00014108
                    258,                0.30468,                 0.3089,                0.85148,                0.96971,                0.82607,                0.93969,                0.81499,                0.46408,                0.29556,                0.73988,             0.00013808,             0.00013808,             0.00013808
                    259,                0.30761,                0.30759,                0.84645,                0.94946,                 0.8403,                 0.9435,                0.81962,                0.46809,                0.29557,                0.74294,             0.00013508,             0.00013508,             0.00013508
                    260,                0.30819,                0.31313,                0.85165,                0.96279,                0.83195,                 0.9414,                0.82294,                 0.4602,                0.29469,                0.74222,             0.00013208,             0.00013208,             0.00013208
                    261,                0.30108,                 0.3067,                0.85123,                0.96198,                0.82776,                0.94114,                0.81706,                0.46054,                0.29112,                0.73618,             0.00012908,             0.00012908,             0.00012908
                    262,                0.30083,                0.29577,                0.85627,                0.93621,                0.86093,                0.94515,                0.82704,                0.45831,                0.29086,                 0.7355,             0.00012608,             0.00012608,             0.00012608
                    263,                 0.2983,                0.30751,                0.85192,                0.93842,                0.86241,                0.94549,                0.82537,                0.45869,                0.28829,                  0.735,             0.00012308,             0.00012308,             0.00012308
                    264,                0.30156,                0.30918,                 0.8514,                0.96794,                0.82567,                0.94227,                0.82205,                0.45837,                0.28228,                0.73388,             0.00012008,             0.00012008,             0.00012008
                    265,                 0.3056,                0.29932,                0.85552,                0.95057,                0.82663,                0.94195,                0.82477,                0.45782,                0.28646,                0.73454,             0.00011708,             0.00011708,             0.00011708
                    266,                0.29601,                0.29508,                0.85084,                0.95586,                0.82674,                0.94019,                0.82113,                0.45867,                0.28811,                0.73728,             0.00011408,             0.00011408,             0.00011408
                    267,                0.30636,                0.30091,                0.85095,                0.96113,                0.82991,                0.93993,                0.82065,                0.45708,                  0.288,                0.73595,             0.00011108,             0.00011108,             0.00011108
                    268,                0.29485,                0.29893,                0.85341,                 0.9614,                0.83514,                0.94314,                0.82028,                0.45751,                0.28818,                0.73531,             0.00010808,             0.00010808,             0.00010808
                    269,                0.30193,                0.30665,                0.85051,                0.95774,                 0.8367,                0.94321,                 0.8243,                0.45445,                 0.2872,                 0.7325,             0.00010508,             0.00010508,             0.00010508
                    270,                0.30097,                0.30202,                0.84986,                0.96692,                0.83279,                0.94078,                0.82709,                0.45177,                0.29269,                0.73496,             0.00010208,             0.00010208,             0.00010208
                    271,                0.30646,                 0.3087,                 0.8461,                0.96491,                0.83262,                0.93754,                0.82287,                0.46029,                0.29814,                0.74061,             9.9081e-05,             9.9081e-05,             9.9081e-05
                    272,                0.28871,                 0.2883,                0.85941,                0.96116,                0.82914,                0.94091,                 0.8206,                0.46323,                0.29379,                0.73878,             9.6081e-05,             9.6081e-05,             9.6081e-05
                    273,                0.30552,                0.30232,                0.85474,                0.96108,                0.83197,                0.93702,                0.81572,                0.45946,                0.29213,                0.73631,             9.3082e-05,             9.3082e-05,             9.3082e-05
                    274,                 0.2827,                0.29616,                0.84927,                0.93536,                 0.8393,                 0.9365,                0.81618,                 0.4588,                0.28921,                0.73873,             9.0082e-05,             9.0082e-05,             9.0082e-05
                    275,                 0.3001,                 0.2995,                0.84773,                0.92814,                 0.8471,                0.93186,                0.81522,                0.45789,                0.28978,                0.73964,             8.7082e-05,             8.7082e-05,             8.7082e-05
                    276,                0.29903,                0.29672,                0.84535,                0.92572,                0.84251,                0.93144,                0.81425,                0.45554,                0.28765,                0.73748,             8.4083e-05,             8.4083e-05,             8.4083e-05
                    277,                0.28152,                0.29717,                0.85225,                0.96609,                0.83283,                0.93926,                0.81974,                0.45631,                0.29175,                0.73416,             8.1083e-05,             8.1083e-05,             8.1083e-05
                    278,                0.27877,                0.29043,                0.85225,                0.96072,                0.82989,                0.93697,                 0.8195,                0.45472,                0.28929,                0.73365,             7.8083e-05,             7.8083e-05,             7.8083e-05
                    279,                0.29756,                0.29616,                0.84968,                0.93236,                0.83578,                0.92826,                0.81551,                0.45509,                0.28934,                0.73451,             7.5083e-05,             7.5083e-05,             7.5083e-05
